{
    "most_confident_correct": [
        {
            "true_label": 7,
            "true_class_name": "horse",
            "predicted_label": 7,
            "predicted_class_name": "horse",
            "confidence": 0.9999947547912598,
            "all_probabilities": [
                6.844846893727663e-07,
                1.2252984333827044e-06,
                1.3383915131726098e-07,
                3.2521157322662475e-07,
                6.668900027761993e-07,
                6.518561121993116e-07,
                4.1773290604396607e-07,
                0.9999947547912598,
                9.193135497298499e-07,
                1.4069573239794408e-07
            ]
        },
        {
            "true_label": 2,
            "true_class_name": "bird",
            "predicted_label": 2,
            "predicted_class_name": "bird",
            "confidence": 0.9999862909317017,
            "all_probabilities": [
                1.4350802075568936e-06,
                8.590725997237314e-07,
                0.9999862909317017,
                2.2176395759743173e-06,
                2.749090072029503e-06,
                2.3494037577620475e-06,
                1.4836679156360333e-06,
                1.417464545738767e-06,
                9.413137718183862e-07,
                2.9185440553192166e-07
            ]
        },
        {
            "true_label": 7,
            "true_class_name": "horse",
            "predicted_label": 7,
            "predicted_class_name": "horse",
            "confidence": 0.9999723434448242,
            "all_probabilities": [
                1.169281495094765e-05,
                1.0380725825598347e-06,
                2.8398196150192234e-07,
                2.456158199493075e-06,
                6.749912245140877e-06,
                7.851132295400021e-07,
                7.611850492139638e-07,
                0.9999723434448242,
                2.303148221471929e-06,
                1.5559287476207828e-06
            ]
        },
        {
            "true_label": 7,
            "true_class_name": "horse",
            "predicted_label": 7,
            "predicted_class_name": "horse",
            "confidence": 0.999970555305481,
            "all_probabilities": [
                2.375147914790432e-06,
                4.787738362210803e-06,
                1.3941978522780119e-06,
                2.103751057802583e-06,
                8.862461982062086e-06,
                6.269598543440225e-06,
                1.3808595440423233e-06,
                0.999970555305481,
                1.270080474569113e-06,
                9.670504823589e-07
            ]
        },
        {
            "true_label": 7,
            "true_class_name": "horse",
            "predicted_label": 7,
            "predicted_class_name": "horse",
            "confidence": 0.9999539852142334,
            "all_probabilities": [
                7.496621492464328e-06,
                4.765624453284545e-06,
                5.626988013318623e-07,
                1.511495952399855e-06,
                5.132594196766149e-06,
                4.157539478910621e-06,
                6.748256510036299e-06,
                0.9999539852142334,
                9.624439371691551e-06,
                6.0235324781388044e-06
            ]
        },
        {
            "true_label": 7,
            "true_class_name": "horse",
            "predicted_label": 7,
            "predicted_class_name": "horse",
            "confidence": 0.9999423027038574,
            "all_probabilities": [
                4.09150152336224e-06,
                7.510731848014984e-06,
                1.4050789104658179e-05,
                8.004233677638695e-06,
                7.635567271790933e-06,
                4.464724952413235e-06,
                7.567531611130107e-06,
                0.9999423027038574,
                2.3462669105356326e-06,
                2.10172834158584e-06
            ]
        },
        {
            "true_label": 2,
            "true_class_name": "bird",
            "predicted_label": 2,
            "predicted_class_name": "bird",
            "confidence": 0.9999374151229858,
            "all_probabilities": [
                4.768400685861707e-06,
                5.174510079086758e-06,
                0.9999374151229858,
                5.263585990178399e-06,
                3.201345316483639e-05,
                6.307881449174602e-06,
                2.879966132240952e-06,
                1.8792878790918621e-06,
                3.36768289344036e-06,
                9.241048815056274e-07
            ]
        },
        {
            "true_label": 2,
            "true_class_name": "bird",
            "predicted_label": 2,
            "predicted_class_name": "bird",
            "confidence": 0.9999363422393799,
            "all_probabilities": [
                2.6248983431287343e-06,
                5.984330982755637e-06,
                0.9999363422393799,
                3.470855290288455e-06,
                3.1349836717708968e-06,
                3.1404986202687724e-06,
                1.8548380467109382e-05,
                2.2515125237987377e-05,
                2.2642370822723024e-06,
                1.9784165488090366e-06
            ]
        },
        {
            "true_label": 2,
            "true_class_name": "bird",
            "predicted_label": 2,
            "predicted_class_name": "bird",
            "confidence": 0.9999352693557739,
            "all_probabilities": [
                5.986841642879881e-06,
                3.863755409838632e-06,
                0.9999352693557739,
                3.2104935598908924e-06,
                1.063289528246969e-05,
                2.0270344975870103e-05,
                5.042806606070371e-06,
                9.703333489596844e-06,
                4.30617274105316e-06,
                1.724675939840381e-06
            ]
        },
        {
            "true_label": 7,
            "true_class_name": "horse",
            "predicted_label": 7,
            "predicted_class_name": "horse",
            "confidence": 0.9999287128448486,
            "all_probabilities": [
                3.873632977047237e-06,
                5.547378805204062e-06,
                6.400864094757708e-06,
                5.310476808517706e-06,
                1.531482553218666e-06,
                1.8795044525177218e-06,
                3.592643406591378e-05,
                0.9999287128448486,
                4.919901584798936e-06,
                5.853659331478411e-06
            ]
        }
    ],
    "most_confident_incorrect": [
        {
            "true_label": 3,
            "true_class_name": "cat",
            "predicted_label": 6,
            "predicted_class_name": "frog",
            "confidence": 0.9955207109451294,
            "all_probabilities": [
                7.169153104769066e-05,
                0.0007245875895023346,
                0.0004661230486817658,
                0.0013495314633473754,
                0.0003310910251457244,
                0.0004651154740713537,
                0.9955207109451294,
                0.0002672474947758019,
                7.173899211920798e-05,
                0.0007321786251850426
            ]
        },
        {
            "true_label": 9,
            "true_class_name": "truck",
            "predicted_label": 1,
            "predicted_class_name": "automobile",
            "confidence": 0.9950980544090271,